Sample,Symbol,Subtype,Chan,Num
9,+,0,0,0
46,F,0,0,0
209,V,1,0,0
483,N,0,0,0
697,F,0,0,0
853,V,1,0,0
1181,N,0,0,0
1378,V,0,0,0
1579,V,0,0,0
1860,N,0,0,0
2058,V,1,0,0
2242,V,1,0,0
2558,N,0,0,0
2747,V,1,0,0
2930,V,1,0,0
3201,N,0,0,0
3411,V,1,0,0
3606,V,1,0,0
3886,N,0,0,0
4097,F,0,0,0
4262,V,1,0,0
4565,N,0,0,0
4766,F,0,0,0
4944,V,1,0,0
5196,N,0,0,0
5414,F,0,0,0
5568,V,1,0,0
5899,N,0,0,0
6105,V,1,0,0
6304,V,1,0,0
6482,~,2,0,0
6579,N,0,0,0
6776,F,0,0,0
6941,V,1,0,0
7169,N,0,0,0
7349,N,0,0,0
7547,F,0,0,0
7750,N,0,0,0
7951,N,0,0,0
8093,~,0,0,0
8147,N,0,0,0
8317,V,1,0,0
8532,N,0,0,0
8727,N,0,0,0
8922,N,0,0,0
9087,V,1,0,0
9294,N,0,0,0
9472,N,0,0,0
9649,N,0,0,0
9824,V,1,0,0
10035,N,0,0,0
10233,N,0,0,0
10423,N,0,0,0
10595,V,0,0,0
10791,N,0,0,0
10973,N,0,0,0
11155,N,0,0,0
11324,V,0,0,0
11526,N,0,0,0
11697,N,0,0,0
11888,N,0,0,0
12055,V,1,0,0
12273,N,0,0,0
12471,N,0,0,0
12680,N,0,0,0
12894,N,0,0,0
13030,~,2,0,0
13099,N,0,0,0
13292,F,0,0,0
13486,N,0,0,0
13673,N,0,0,0
13850,N,0,0,0
14046,N,0,0,0
14251,N,0,0,0
14449,N,0,0,0
14619,V,1,0,0
14845,N,0,0,0
15036,N,0,0,0
15218,V,1,0,0
15431,N,0,0,0
15628,N,0,0,0
15831,F,0,0,0
16033,N,0,0,0
16241,N,0,0,0
16422,V,1,0,0
16677,N,0,0,0
16899,N,0,0,0
17088,V,1,0,0
17312,N,0,0,0
17515,N,0,0,0
17715,F,0,0,0
17916,N,0,0,0
18110,N,0,0,0
18306,N,0,0,0
18519,N,0,0,0
18727,N,0,0,0
18930,N,0,0,0
19092,V,1,0,0
19333,N,0,0,0
19538,N,0,0,0
19725,V,1,0,0
19850,~,0,0,0
19919,N,0,0,0
20105,N,0,0,0
20291,F,0,0,0
20453,V,1,0,0
20721,N,0,0,0
20932,F,0,0,0
21104,V,1,0,0
21359,N,0,0,0
21560,N,0,0,0
21728,V,1,0,0
21948,N,0,0,0
22148,N,0,0,0
22339,F,0,0,0
22415,+,0,0,0
22492,V,1,0,0
22738,N,0,0,0
22944,N,0,0,0
23128,V,1,0,0
23383,N,0,0,0
23590,N,0,0,0
23786,V,0,0,0
24002,N,0,0,0
24205,N,0,0,0
24395,V,1,0,0
24563,V,1,0,0
24855,N,0,0,0
25060,F,0,0,0
25231,V,1,0,0
25513,N,0,0,0
25716,F,0,0,0
25874,V,1,0,0
26121,N,0,0,0
26321,N,0,0,0
26502,V,1,0,0
26723,N,0,0,0
26916,N,0,0,0
27118,V,1,0,0
27257,+,0,0,0
27397,N,0,0,0
27632,N,0,0,0
27844,V,1,0,0
28013,V,1,0,0
28314,N,0,0,0
28505,V,1,0,0
28670,V,1,0,0
28963,N,0,0,0
29170,F,0,0,0
29344,V,1,0,0
29578,N,0,0,0
29780,N,0,0,0
29984,N,0,0,0
30190,N,0,0,0
30399,N,0,0,0
30598,V,1,0,0
30761,V,1,0,0
31063,N,0,0,0
31248,V,1,0,0
31439,V,1,0,0
31702,N,0,0,0
31913,F,0,0,0
32076,V,1,0,0
32317,N,0,0,0
32516,N,0,0,0
32719,F,0,0,0
32926,N,0,0,0
33130,N,0,0,0
33317,N,0,0,0
33522,N,0,0,0
33737,N,0,0,0
33956,F,0,0,0
34123,V,1,0,0
34405,N,0,0,0
34611,F,0,0,0
34691,+,0,0,0
34772,V,1,0,0
35021,N,0,0,0
35223,N,0,0,0
35384,V,1,0,0
35632,N,0,0,0
35841,N,0,0,0
36024,V,1,0,0
36135,+,0,0,0
36247,N,0,0,0
36451,N,0,0,0
36649,F,0,0,0
36815,V,1,0,0
37044,N,0,0,0
37239,N,0,0,0
37430,N,0,0,0
37611,N,0,0,0
37810,N,0,0,0
38036,F,0,0,0
38204,V,1,0,0
38534,N,0,0,0
38720,V,1,0,0
38892,V,1,0,0
39186,N,0,0,0
39381,F,0,0,0
39550,V,1,0,0
39790,N,0,0,0
40007,N,0,0,0
40183,V,1,0,0
40510,N,0,0,0
40719,V,1,0,0
40899,V,1,0,0
41235,N,0,0,0
41416,V,1,0,0
41593,V,1,0,0
41904,N,0,0,0
42090,V,1,0,0
42282,V,1,0,0
42569,N,0,0,0
42781,F,0,0,0
42940,V,1,0,0
43245,N,0,0,0
43441,V,1,0,0
43620,V,1,0,0
43908,N,0,0,0
44094,F,0,0,0
44260,V,1,0,0
44538,N,0,0,0
44751,F,0,0,0
44920,V,1,0,0
45226,N,0,0,0
45428,F,0,0,0
45598,V,1,0,0
45855,N,0,0,0
46061,F,1,0,0
46211,V,1,0,0
46490,N,0,0,0
46698,F,1,0,0
46866,V,1,0,0
47147,N,0,0,0
47346,F,1,0,0
47428,+,0,0,0
47510,V,1,0,0
47769,N,0,0,0
47971,N,0,0,0
48130,V,1,0,0
48373,N,0,0,0
48577,N,0,0,0
48752,V,1,0,0
49020,N,0,0,0
49239,N,0,0,0
49412,V,1,0,0
49655,N,0,0,0
49864,N,0,0,0
49955,+,0,0,0
50046,V,1,0,0
50322,N,0,0,0
50517,V,1,0,0
50676,V,1,0,0
51007,N,0,0,0
51204,V,1,0,0
51391,V,1,0,0
51708,N,0,0,0
51902,V,1,0,0
52083,V,1,0,0
52331,N,0,0,0
52541,F,1,0,0
52681,V,1,0,0
52977,N,0,0,0
53191,F,0,0,0
53281,+,0,0,0
53372,V,1,0,0
53636,N,0,0,0
53835,N,0,0,0
54002,V,0,0,0
54259,N,0,0,0
54463,N,0,0,0
54634,V,1,0,0
54864,N,0,0,0
55083,N,0,0,0
55273,V,1,0,0
55421,+,0,0,0
55569,N,0,0,0
55799,F,0,0,0
55952,V,1,0,0
56266,N,0,0,0
56454,V,1,0,0
56628,V,1,0,0
56932,N,0,0,0
57122,F,0,0,0
57300,V,1,0,0
57553,N,0,0,0
57771,F,0,0,0
57933,V,1,0,0
58230,N,0,0,0
58444,F,0,0,0
58608,V,0,0,0
58877,N,0,0,0
59075,F,1,0,0
59222,V,1,0,0
59504,N,0,0,0
59714,F,0,0,0
59798,+,0,0,0
59883,V,1,0,0
60149,N,0,0,0
60352,N,0,0,0
60519,V,1,0,0
60763,N,0,0,0
60971,N,0,0,0
61159,V,1,0,0
61405,N,0,0,0
61619,N,0,0,0
61785,V,1,0,0
62097,N,0,0,0
62321,N,0,0,0
62481,V,1,0,0
62749,N,0,0,0
62953,N,0,0,0
63116,V,1,0,0
63364,N,0,0,0
63562,N,0,0,0
63750,V,1,0,0
63865,+,0,0,0
63980,N,0,0,0
64191,N,0,0,0
64397,F,0,0,0
64562,V,1,0,0
64854,N,0,0,0
65053,F,1,0,0
65216,V,1,0,0
65449,N,0,0,0
65634,N,0,0,0
65820,F,0,0,0
66017,N,0,0,0
66218,N,0,0,0
66419,N,0,0,0
66589,V,1,0,0
66792,N,0,0,0
66976,N,0,0,0
67168,F,0,0,0
67331,V,1,0,0
67560,N,0,0,0
67747,N,0,0,0
67931,N,0,0,0
68133,N,0,0,0
68342,N,0,0,0
68552,F,1,0,0
68719,V,1,0,0
68979,N,0,0,0
69190,F,1,0,0
69347,V,1,0,0
69617,N,0,0,0
69812,F,1,0,0
69962,V,1,0,0
70230,N,0,0,0
70441,F,1,0,0
70604,V,1,0,0
70882,N,0,0,0
71084,F,1,0,0
71245,V,1,0,0
71510,N,0,0,0
71711,F,1,0,0
71868,V,1,0,0
72126,N,0,0,0
72318,F,0,0,0
72486,V,1,0,0
72755,N,0,0,0
72969,N,0,0,0
73134,V,1,0,0
73377,N,0,0,0
73579,N,0,0,0
73740,V,1,0,0
73992,N,0,0,0
74193,F,1,0,0
74266,+,0,0,0
74339,V,1,0,0
74594,N,0,0,0
74802,N,0,0,0
74969,V,1,0,0
75210,N,0,0,0
75407,N,0,0,0
75607,V,1,0,0
75711,+,0,0,0
75815,N,0,0,0
76010,N,0,0,0
76204,N,0,0,0
76400,N,0,0,0
76590,N,0,0,0
76793,F,1,0,0
76964,V,1,0,0
77240,N,0,0,0
77449,F,1,0,0
77605,V,1,0,0
77869,N,0,0,0
78071,F,0,0,0
78232,V,1,0,0
78464,N,0,0,0
78646,N,0,0,0
78839,N,0,0,0
79042,N,0,0,0
79262,N,0,0,0
79468,V,1,0,0
79639,V,1,0,0
79931,N,0,0,0
80126,F,0,0,0
80282,V,1,0,0
80525,N,0,0,0
80723,N,0,0,0
80898,V,1,0,0
81108,N,0,0,0
81310,N,0,0,0
81509,F,0,0,0
81674,V,1,0,0
81894,N,0,0,0
82078,N,0,0,0
82274,N,0,0,0
82435,V,1,0,0
82647,N,0,0,0
82829,N,0,0,0
83005,N,0,0,0
83167,V,1,0,0
83400,N,0,0,0
83606,N,0,0,0
83804,N,0,0,0
84002,N,0,0,0
84194,N,0,0,0
84395,F,1,0,0
84553,V,1,0,0
84814,N,0,0,0
85012,N,0,0,0
85166,V,1,0,0
85401,N,0,0,0
85606,N,0,0,0
85810,N,0,0,0
86016,N,0,0,0
86225,N,0,0,0
86432,F,1,0,0
86591,V,1,0,0
86884,N,0,0,0
87069,V,1,0,0
87225,V,1,0,0
87488,N,0,0,0
87694,F,0,0,0
87865,V,1,0,0
88107,N,0,0,0
88308,N,0,0,0
88487,V,1,0,0
88714,N,0,0,0
88929,N,0,0,0
89124,V,1,0,0
89366,N,0,0,0
89562,F,1,0,0
89719,V,1,0,0
89996,N,0,0,0
90211,F,1,0,0
90374,V,1,0,0
90631,N,0,0,0
90834,N,0,0,0
91002,V,1,0,0
91224,N,0,0,0
91426,N,0,0,0
91630,N,0,0,0
91844,N,0,0,0
92054,N,0,0,0
92266,F,0,0,0
92446,V,1,0,0
92723,N,0,0,0
92927,F,0,0,0
93085,V,1,0,0
93348,N,0,0,0
93543,F,0,0,0
93695,V,1,0,0
93924,N,0,0,0
94130,N,0,0,0
94318,V,1,0,0
94537,N,0,0,0
94733,N,0,0,0
94929,F,0,0,0
95095,V,1,0,0
95357,N,0,0,0
95556,F,1,0,0
95715,V,1,0,0
95950,N,0,0,0
96153,N,0,0,0
96335,V,1,0,0
96572,N,0,0,0
96788,N,0,0,0
96997,F,0,0,0
97162,V,1,0,0
97463,N,0,0,0
97651,V,1,0,0
97812,V,1,0,0
98103,N,0,0,0
98297,V,1,0,0
98477,V,1,0,0
98748,N,0,0,0
98952,F,1,0,0
99031,+,0,0,0
99111,V,1,0,0
99354,N,0,0,0
99560,N,0,0,0
99735,V,1,0,0
99964,N,0,0,0
100163,N,0,0,0
100332,V,1,0,0
100568,N,0,0,0
100787,N,0,0,0
100977,V,1,0,0
101248,N,0,0,0
101452,F,1,0,0
101610,V,1,0,0
101870,N,0,0,0
102077,F,1,0,0
102238,V,1,0,0
102487,N,0,0,0
102688,N,0,0,0
102862,V,1,0,0
102977,+,0,0,0
103092,N,0,0,0
103292,N,0,0,0
103495,F,1,0,0
103660,V,1,0,0
103932,N,0,0,0
104132,F,0,0,0
104287,V,1,0,0
104532,N,0,0,0
104740,N,0,0,0
104934,V,1,0,0
105165,N,0,0,0
105374,N,0,0,0
105577,V,1,0,0
105742,V,1,0,0
106047,N,0,0,0
106240,V,1,0,0
106400,V,1,0,0
106661,N,0,0,0
106854,F,1,0,0
107015,V,1,0,0
107262,N,0,0,0
107473,N,0,0,0
107684,N,0,0,0
107896,N,0,0,0
108113,N,0,0,0
108307,V,1,0,0
108478,V,1,0,0
108764,N,0,0,0
108952,V,1,0,0
109125,V,1,0,0
109439,N,0,0,0
109650,F,0,0,0
109815,V,1,0,0
110065,N,0,0,0
110277,N,0,0,0
110441,V,1,0,0
110679,N,0,0,0
110879,N,0,0,0
111044,V,1,0,0
111309,N,0,0,0
111529,F,1,0,0
111693,V,1,0,0
111977,N,0,0,0
112182,F,1,0,0
112262,+,0,0,0
112342,V,1,0,0
112599,N,0,0,0
112805,N,0,0,0
112977,V,1,0,0
113201,N,0,0,0
113402,N,0,0,0
113590,V,1,0,0
113845,N,0,0,0
114057,N,0,0,0
114254,V,1,0,0
114493,N,0,0,0
114706,N,0,0,0
114888,V,1,0,0
115002,+,0,0,0
115117,N,0,0,0
115314,N,0,0,0
115523,F,0,0,0
115747,N,0,0,0
115976,N,0,0,0
116194,V,1,0,0
116411,N,0,0,0
116627,N,0,0,0
116843,N,0,0,0
117064,N,0,0,0
117282,F,0,0,0
117441,V,1,0,0
117693,N,0,0,0
117909,N,0,0,0
118106,V,1,0,0
118349,N,0,0,0
118553,N,0,0,0
118751,N,0,0,0
118953,N,0,0,0
119155,N,0,0,0
119353,F,0,0,0
119511,V,1,0,0
119770,N,0,0,0
119984,F,0,0,0
120148,V,1,0,0
120409,N,0,0,0
120612,N,0,0,0
120798,V,1,0,0
121008,N,0,0,0
121196,N,0,0,0
121382,N,0,0,0
121542,V,1,0,0
121754,N,0,0,0
121943,N,0,0,0
122073,~,2,0,0
122137,N,0,0,0
122314,V,1,0,0
122546,N,0,0,0
122741,N,0,0,0
122935,N,0,0,0
123097,V,1,0,0
123334,N,0,0,0
123535,N,0,0,0
123726,V,1,0,0
123921,N,0,0,0
124101,N,0,0,0
124298,N,0,0,0
124469,V,1,0,0
124697,N,0,0,0
124902,N,0,0,0
125099,F,0,0,0
125263,V,1,0,0
125488,N,0,0,0
125679,N,0,0,0
125862,N,0,0,0
126051,N,0,0,0
126240,N,0,0,0
126428,N,0,0,0
126622,F,0,0,0
126815,N,0,0,0
127008,N,0,0,0
127201,N,0,0,0
127362,V,1,0,0
127571,N,0,0,0
127753,N,0,0,0
127941,N,0,0,0
128103,V,1,0,0
128303,N,0,0,0
128492,N,0,0,0
128697,F,1,0,0
128870,V,1,0,0
129112,N,0,0,0
129311,N,0,0,0
129494,N,0,0,0
129684,N,0,0,0
129873,N,0,0,0
130058,N,0,0,0
130239,V,1,0,0
130429,N,0,0,0
130611,N,0,0,0
130799,N,0,0,0
130971,V,1,0,0
131177,N,0,0,0
131371,N,0,0,0
131565,N,0,0,0
131734,V,1,0,0
131938,N,0,0,0
132110,N,0,0,0
132289,N,0,0,0
132463,F,0,0,0
132630,N,0,0,0
132808,N,0,0,0
132989,N,0,0,0
133054,|,3,0,0
133180,N,0,0,0
133366,N,0,0,0
133563,N,0,0,0
133753,N,0,0,0
133963,N,0,0,0
134028,|,1,0,0
134158,N,0,0,0
134345,N,0,0,0
134529,N,0,0,0
134709,F,0,0,0
134890,N,0,0,0
135083,N,0,0,0
135284,N,0,0,0
135370,+,0,0,0
135457,V,1,0,0
135716,N,0,0,0
135930,N,0,0,0
136102,V,1,0,0
136281,~,0,0,0
136345,N,0,0,0
136549,N,0,0,0
136736,V,1,0,0
136992,N,0,0,0
137204,N,0,0,0
137390,V,1,0,0
137533,+,0,0,0
137677,N,0,0,0
137908,F,0,0,0
138062,V,1,0,0
138386,N,0,0,0
138560,V,2,0,0
138849,N,0,0,0
139049,N,0,0,0
139241,F,1,0,0
139412,V,1,0,0
139705,N,0,0,0
139921,N,0,0,0
140106,V,1,0,0
140340,N,0,0,0
140553,N,0,0,0
140752,F,1,0,0
140917,V,1,0,0
141199,N,0,0,0
141360,V,2,0,0
141632,N,0,0,0
141843,N,0,0,0
142060,F,1,0,0
142231,V,1,0,0
142505,N,0,0,0
142674,V,2,0,0
142918,N,0,0,0
143117,N,0,0,0
143316,N,0,0,0
143477,V,1,0,0
143741,N,0,0,0
143964,N,0,0,0
144184,F,0,0,0
144347,V,1,0,0
144651,N,0,0,0
144873,F,0,0,0
145026,V,1,0,0
145322,N,0,0,0
145521,F,0,0,0
145668,V,1,0,0
145944,N,0,0,0
146157,N,0,0,0
146371,F,0,0,0
146546,V,1,0,0
146826,N,0,0,0
147035,N,0,0,0
147219,V,1,0,0
147456,N,0,0,0
147677,N,0,0,0
147875,V,1,0,0
148051,V,1,0,0
148372,N,0,0,0
148587,F,0,0,0
148753,V,1,0,0
149048,N,0,0,0
149265,F,1,0,0
149419,V,1,0,0
149676,N,0,0,0
149869,N,0,0,0
150050,V,1,0,0
150311,N,0,0,0
150530,N,0,0,0
150739,V,1,0,0
150928,V,1,0,0
151273,N,0,0,0
151460,V,1,0,0
151737,N,0,0,0
151959,N,0,0,0
152159,F,0,0,0
152337,V,1,0,0
152667,N,0,0,0
152882,V,1,0,0
153077,V,1,0,0
153360,N,0,0,0
153570,F,1,0,0
153724,V,1,0,0
154015,N,0,0,0
154213,F,1,0,0
154374,V,1,0,0
154705,N,0,0,0
154914,V,1,0,0
155103,V,1,0,0
155397,N,0,0,0
155619,F,0,0,0
155785,V,1,0,0
156062,N,0,0,0
156264,F,1,0,0
156411,V,1,0,0
156694,N,0,0,0
156925,F,0,0,0
157089,V,1,0,0
157412,N,0,0,0
157627,F,1,0,0
157778,V,1,0,0
158080,N,0,0,0
158297,F,0,0,0
158445,V,1,0,0
158736,N,0,0,0
158949,F,1,0,0
159113,V,1,0,0
159446,N,0,0,0
159656,V,1,0,0
159832,V,1,0,0
160139,N,0,0,0
160343,F,0,0,0
160498,V,1,0,0
160803,N,0,0,0
161023,F,0,0,0
161195,V,1,0,0
161507,N,0,0,0
161722,F,0,0,0
161882,V,1,0,0
162167,N,0,0,0
162378,F,1,0,0
162533,V,1,0,0
162832,N,0,0,0
163035,F,0,0,0
163202,V,1,0,0
163534,N,0,0,0
163755,F,0,0,0
163925,V,1,0,0
164207,N,0,0,0
164414,F,1,0,0
164573,V,1,0,0
164850,N,0,0,0
165046,F,1,0,0
165211,V,1,0,0
165464,N,0,0,0
165674,N,0,0,0
165883,N,0,0,0
166103,N,0,0,0
166336,N,0,0,0
166541,V,1,0,0
166739,V,1,0,0
167060,N,0,0,0
167246,V,1,0,0
167429,V,1,0,0
167803,N,0,0,0
168009,V,1,0,0
168199,V,1,0,0
168518,N,0,0,0
168717,V,1,0,0
168898,V,1,0,0
169221,N,0,0,0
169403,V,1,0,0
169587,V,1,0,0
169928,N,0,0,0
170129,V,1,0,0
170330,V,1,0,0
170659,N,0,0,0
170855,V,1,0,0
171036,V,1,0,0
171348,N,0,0,0
171541,V,1,0,0
171720,V,1,0,0
172044,N,0,0,0
172249,V,1,0,0
172430,V,1,0,0
172754,N,0,0,0
172952,V,1,0,0
173140,V,1,0,0
173461,N,0,0,0
173642,V,1,0,0
173834,V,1,0,0
174139,N,0,0,0
174363,F,0,0,0
174535,V,1,0,0
174821,N,0,0,0
175027,F,0,0,0
175192,V,1,0,0
175504,N,0,0,0
175698,V,1,0,0
175870,V,1,0,0
176198,N,0,0,0
176397,V,1,0,0
176588,V,1,0,0
176895,N,0,0,0
177108,F,0,0,0
177273,V,1,0,0
177566,N,0,0,0
177757,V,1,0,0
177925,V,1,0,0
178250,N,0,0,0
178455,V,1,0,0
178643,V,1,0,0
178975,N,0,0,0
179165,V,1,0,0
179345,V,1,0,0
179641,N,0,0,0
179838,F,0,0,0
180004,V,0,0,0
180307,N,0,0,0
180508,V,1,0,0
180693,V,1,0,0
181048,N,0,0,0
181247,V,1,0,0
181422,V,1,0,0
181755,N,0,0,0
181942,V,1,0,0
182118,V,1,0,0
182472,N,0,0,0
182668,V,1,0,0
182853,V,1,0,0
183214,N,0,0,0
183405,V,1,0,0
183585,V,1,0,0
183914,N,0,0,0
184104,V,1,0,0
184273,V,1,0,0
184576,N,0,0,0
184779,V,1,0,0
184972,V,1,0,0
185307,N,0,0,0
185500,V,1,0,0
185674,V,1,0,0
185980,N,0,0,0
186174,V,1,0,0
186339,V,1,0,0
186643,N,0,0,0
186841,V,1,0,0
187018,V,1,0,0
187364,N,0,0,0
187573,V,1,0,0
187745,V,1,0,0
188048,N,0,0,0
188240,F,0,0,0
188418,V,1,0,0
188685,N,0,0,0
188886,F,0,0,0
189051,V,1,0,0
189395,N,0,0,0
189599,V,1,0,0
189765,V,1,0,0
190098,N,0,0,0
190298,V,1,0,0
190467,V,1,0,0
190772,N,0,0,0
190956,V,1,0,0
191130,V,1,0,0
191419,N,0,0,0
191645,F,0,0,0
191804,V,1,0,0
192102,N,0,0,0
192307,F,0,0,0
192470,V,1,0,0
192794,N,0,0,0
192989,V,1,0,0
193148,V,1,0,0
193470,N,0,0,0
193674,V,1,0,0
193846,V,1,0,0
194154,N,0,0,0
194357,V,1,0,0
194532,V,1,0,0
194844,N,0,0,0
195033,V,1,0,0
195202,V,1,0,0
195507,N,0,0,0
195716,V,0,0,0
195888,V,1,0,0
196173,N,0,0,0
196379,F,1,0,0
196542,V,1,0,0
196781,N,0,0,0
196980,N,0,0,0
197165,F,0,0,0
197358,N,0,0,0
197540,N,0,0,0
197745,F,1,0,0
197918,V,1,0,0
198257,N,0,0,0
198454,V,1,0,0
198628,V,1,0,0
198958,N,0,0,0
199146,V,1,0,0
199313,V,1,0,0
199591,N,0,0,0
199800,F,0,0,0
199964,V,1,0,0
200290,N,0,0,0
200490,V,1,0,0
200668,V,1,0,0
201009,N,0,0,0
201198,V,1,0,0
201360,V,1,0,0
201683,N,0,0,0
201868,V,1,0,0
202041,V,1,0,0
202359,N,0,0,0
202577,F,0,0,0
202746,V,1,0,0
203026,N,0,0,0
203232,F,0,0,0
203388,V,1,0,0
203692,N,0,0,0
203883,F,0,0,0
204047,V,1,0,0
204360,N,0,0,0
204569,V,1,0,0
204749,V,1,0,0
205038,N,0,0,0
205253,F,0,0,0
205408,V,1,0,0
205700,N,0,0,0
205895,V,1,0,0
206055,V,1,0,0
206386,N,0,0,0
206590,V,1,0,0
206771,V,1,0,0
207077,N,0,0,0
207278,V,1,0,0
207445,V,1,0,0
207737,N,0,0,0
207942,F,0,0,0
208104,V,1,0,0
208372,N,0,0,0
208585,F,0,0,0
208755,V,1,0,0
209064,N,0,0,0
209276,F,0,0,0
209432,V,1,0,0
209754,N,0,0,0
209947,V,1,0,0
210128,V,1,0,0
210407,N,0,0,0
210616,F,0,0,0
210780,V,1,0,0
211085,N,0,0,0
211301,F,0,0,0
211474,V,1,0,0
211772,N,0,0,0
211979,F,0,0,0
212140,V,1,0,0
212422,N,0,0,0
212615,F,0,0,0
212779,V,1,0,0
213097,N,0,0,0
213314,F,0,0,0
213486,V,1,0,0
213771,N,0,0,0
213983,F,0,0,0
214148,V,1,0,0
214450,N,0,0,0
214644,V,1,0,0
214800,V,1,0,0
215102,N,0,0,0
215310,V,1,0,0
215499,V,1,0,0
215782,N,0,0,0
215993,F,0,0,0
216149,V,1,0,0
216415,N,0,0,0
216620,F,1,0,0
216783,V,1,0,0
217069,N,0,0,0
217287,F,0,0,0
217451,V,1,0,0
217750,N,0,0,0
217960,F,0,0,0
218116,V,1,0,0
218409,N,0,0,0
218614,F,0,0,0
218766,V,1,0,0
219038,N,0,0,0
219247,F,0,0,0
219420,V,1,0,0
219718,N,0,0,0
219936,F,0,0,0
220091,V,1,0,0
220364,N,0,0,0
220571,F,1,0,0
220723,V,1,0,0
221002,N,0,0,0
221200,F,1,0,0
221359,V,1,0,0
221636,N,0,0,0
221848,F,0,0,0
222015,V,1,0,0
222281,N,0,0,0
222490,F,1,0,0
222656,V,1,0,0
222925,N,0,0,0
223128,F,1,0,0
223287,V,1,0,0
223566,N,0,0,0
223775,F,0,0,0
223949,V,1,0,0
224226,N,0,0,0
224427,F,0,0,0
224673,N,0,0,0
224959,N,0,0,0
225147,V,1,0,0
225307,V,1,0,0
225617,N,0,0,0
225814,V,1,0,0
225993,V,1,0,0
226244,N,0,0,0
226442,N,0,0,0
226636,N,0,0,0
226825,N,0,0,0
227012,N,0,0,0
227193,N,0,0,0
227377,N,0,0,0
227566,N,0,0,0
227744,N,0,0,0
227939,N,0,0,0
228137,N,0,0,0
228347,N,0,0,0
228565,N,0,0,0
228771,F,1,0,0
228947,V,1,0,0
229227,N,0,0,0
229428,F,1,0,0
229591,V,1,0,0
229839,N,0,0,0
230049,F,1,0,0
230226,V,1,0,0
230494,N,0,0,0
230706,N,0,0,0
230894,V,1,0,0
231118,N,0,0,0
231328,N,0,0,0
231537,F,0,0,0
231697,V,1,0,0
231978,N,0,0,0
232181,F,0,0,0
232372,V,1,0,0
232606,N,0,0,0
232820,N,0,0,0
233026,N,0,0,0
233224,N,0,0,0
233425,N,0,0,0
233629,F,1,0,0
233790,V,1,0,0
234047,N,0,0,0
234255,N,0,0,0
234433,V,1,0,0
234709,N,0,0,0
234931,F,1,0,0
235093,V,1,0,0
235400,N,0,0,0
235617,F,0,0,0
235773,V,1,0,0
236035,N,0,0,0
236235,F,0,0,0
236390,V,1,0,0
236646,N,0,0,0
236869,N,0,0,0
237066,V,1,0,0
237344,N,0,0,0
237556,F,0,0,0
237717,V,1,0,0
238042,N,0,0,0
238238,V,1,0,0
238401,V,1,0,0
238691,N,0,0,0
238899,F,0,0,0
239075,V,1,0,0
239356,N,0,0,0
239570,F,1,0,0
239739,V,1,0,0
240012,N,0,0,0
240220,F,0,0,0
240369,V,1,0,0
240646,N,0,0,0
240860,F,0,0,0
241029,V,1,0,0
241321,N,0,0,0
241531,F,1,0,0
241696,V,1,0,0
241954,N,0,0,0
242164,F,1,0,0
242322,V,1,0,0
242595,N,0,0,0
242794,F,0,0,0
242948,V,1,0,0
243252,N,0,0,0
243468,F,0,0,0
243649,V,1,0,0
243930,N,0,0,0
244133,F,0,0,0
244288,V,1,0,0
244576,N,0,0,0
244776,F,0,0,0
244931,V,1,0,0
245231,N,0,0,0
245444,F,0,0,0
245616,V,1,0,0
245899,N,0,0,0
246113,F,0,0,0
246277,V,1,0,0
246558,N,0,0,0
246753,F,1,0,0
246916,V,1,0,0
247181,N,0,0,0
247387,F,0,0,0
247557,V,1,0,0
247831,N,0,0,0
248042,F,1,0,0
248205,V,1,0,0
248465,N,0,0,0
248676,F,1,0,0
248840,V,1,0,0
249103,N,0,0,0
249296,F,1,0,0
249454,V,1,0,0
249724,N,0,0,0
249941,F,1,0,0
250108,V,1,0,0
250421,N,0,0,0
250623,V,1,0,0
250791,V,1,0,0
251064,N,0,0,0
251269,F,0,0,0
251419,V,1,0,0
251691,N,0,0,0
251907,F,1,0,0
252071,V,1,0,0
252372,N,0,0,0
252577,F,0,0,0
252739,V,1,0,0
253047,N,0,0,0
253242,V,1,0,0
253407,V,1,0,0
253679,N,0,0,0
253892,F,0,0,0
254069,V,1,0,0
254378,N,0,0,0
254597,F,0,0,0
254759,V,1,0,0
255047,N,0,0,0
255254,F,0,0,0
255412,V,1,0,0
255696,N,0,0,0
255899,F,0,0,0
256060,V,1,0,0
256372,N,0,0,0
256595,F,0,0,0
256768,V,1,0,0
257082,N,0,0,0
257283,V,1,0,0
257462,V,1,0,0
257736,N,0,0,0
257938,F,0,0,0
258096,V,1,0,0
258429,N,0,0,0
258638,V,1,0,0
258827,V,1,0,0
259127,N,0,0,0
259345,F,0,0,0
259515,V,1,0,0
259790,N,0,0,0
259998,F,0,0,0
260141,V,1,0,0
260445,N,0,0,0
260668,F,0,0,0
260833,V,1,0,0
261140,N,0,0,0
261353,F,0,0,0
261517,V,1,0,0
261800,N,0,0,0
262014,F,0,0,0
262173,V,1,0,0
262456,N,0,0,0
262677,F,0,0,0
262839,V,1,0,0
263146,N,0,0,0
263358,F,0,0,0
263525,V,1,0,0
263818,N,0,0,0
264029,F,0,0,0
264184,V,1,0,0
264479,N,0,0,0
264688,V,1,0,0
264876,V,1,0,0
265214,N,0,0,0
265410,V,1,0,0
265591,V,1,0,0
265883,N,0,0,0
266090,F,0,0,0
266251,V,1,0,0
266546,N,0,0,0
266768,V,1,0,0
266920,V,1,0,0
267257,N,0,0,0
267470,V,1,0,0
267645,V,1,0,0
267948,N,0,0,0
268155,F,0,0,0
268312,V,1,0,0
268609,N,0,0,0
268817,F,0,0,0
268976,V,1,0,0
269290,N,0,0,0
269515,F,0,0,0
269684,V,1,0,0
269973,N,0,0,0
270197,F,0,0,0
270370,V,1,0,0
270657,N,0,0,0
270859,F,0,0,0
271014,V,1,0,0
271323,N,0,0,0
271553,F,0,0,0
271713,V,1,0,0
272029,N,0,0,0
272233,V,1,0,0
272397,V,1,0,0
272716,N,0,0,0
272916,V,1,0,0
273085,V,1,0,0
273395,N,0,0,0
273604,V,1,0,0
273781,V,1,0,0
274092,N,0,0,0
274304,F,0,0,0
274491,V,1,0,0
274772,N,0,0,0
274976,F,0,0,0
275139,V,1,0,0
275417,N,0,0,0
275635,F,0,0,0
275804,V,1,0,0
276095,N,0,0,0
276312,F,0,0,0
276467,V,1,0,0
276783,N,0,0,0
276980,V,1,0,0
277157,V,1,0,0
277434,N,0,0,0
277649,F,0,0,0
277806,V,1,0,0
278117,N,0,0,0
278341,F,0,0,0
278516,V,1,0,0
278805,N,0,0,0
279014,V,1,0,0
279174,V,1,0,0
279453,N,0,0,0
279663,F,0,0,0
279820,V,1,0,0
280148,N,0,0,0
280348,V,1,0,0
280529,V,1,0,0
280854,N,0,0,0
281050,V,1,0,0
281224,V,1,0,0
281501,N,0,0,0
281699,F,0,0,0
281855,V,1,0,0
282148,N,0,0,0
282374,F,0,0,0
282537,V,1,0,0
282859,N,0,0,0
283053,V,1,0,0
283230,V,1,0,0
283543,N,0,0,0
283734,V,1,0,0
283890,V,1,0,0
284182,N,0,0,0
284404,F,0,0,0
284569,V,1,0,0
284860,N,0,0,0
285080,F,0,0,0
285235,V,1,0,0
285519,N,0,0,0
285722,F,0,0,0
285894,V,1,0,0
286177,N,0,0,0
286397,F,0,0,0
286561,V,1,0,0
286851,N,0,0,0
287069,F,0,0,0
287224,V,0,0,0
287502,N,0,0,0
287719,F,0,0,0
287867,V,1,0,0
288163,N,0,0,0
288356,V,1,0,0
288539,V,1,0,0
288879,N,0,0,0
289083,V,1,0,0
289254,V,1,0,0
289531,N,0,0,0
289740,F,0,0,0
289891,V,1,0,0
290170,N,0,0,0
290379,F,0,0,0
290535,V,1,0,0
290850,N,0,0,0
291054,V,1,0,0
291237,V,1,0,0
291535,N,0,0,0
291748,F,0,0,0
291911,V,1,0,0
292174,N,0,0,0
292379,F,0,0,0
292524,V,1,0,0
292816,N,0,0,0
293038,F,0,0,0
293205,V,1,0,0
293487,N,0,0,0
293696,F,0,0,0
293851,V,1,0,0
294152,N,0,0,0
294353,F,0,0,0
294529,V,1,0,0
294797,N,0,0,0
295012,F,0,0,0
295177,V,1,0,0
295469,N,0,0,0
295689,F,0,0,0
295844,V,1,0,0
296132,N,0,0,0
296334,F,0,0,0
296507,V,1,0,0
296781,N,0,0,0
296991,F,0,0,0
297160,V,1,0,0
297451,N,0,0,0
297667,F,0,0,0
297827,V,1,0,0
298118,N,0,0,0
298331,F,0,0,0
298492,V,1,0,0
298788,N,0,0,0
298988,V,1,0,0
299148,V,1,0,0
299464,N,0,0,0
299686,V,1,0,0
299848,V,1,0,0
300130,N,0,0,0
300340,F,0,0,0
300501,V,1,0,0
300788,N,0,0,0
300996,F,0,0,0
301151,V,1,0,0
301425,N,0,0,0
301638,F,0,0,0
301810,V,1,0,0
302081,N,0,0,0
302294,F,1,0,0
302457,V,1,0,0
302755,N,0,0,0
302966,F,0,0,0
303124,V,1,0,0
303408,N,0,0,0
303626,F,0,0,0
303796,V,1,0,0
304088,N,0,0,0
304303,F,1,0,0
304458,V,1,0,0
304778,N,0,0,0
304987,F,0,0,0
305150,V,1,0,0
305415,N,0,0,0
305626,F,0,0,0
305790,V,1,0,0
306108,N,0,0,0
306324,V,1,0,0
306504,V,1,0,0
306821,N,0,0,0
307015,V,1,0,0
307195,V,1,0,0
307492,N,0,0,0
307696,F,0,0,0
307854,V,1,0,0
308161,N,0,0,0
308386,F,0,0,0
308547,V,1,0,0
308860,N,0,0,0
309082,F,0,0,0
309242,V,1,0,0
309528,N,0,0,0
309729,F,0,0,0
309885,V,1,0,0
310207,N,0,0,0
310428,F,0,0,0
310595,V,1,0,0
310898,N,0,0,0
311111,F,0,0,0
311276,V,1,0,0
311570,N,0,0,0
311780,F,0,0,0
311926,V,1,0,0
312213,N,0,0,0
312432,F,0,0,0
312605,V,1,0,0
312910,N,0,0,0
313123,F,0,0,0
313282,V,1,0,0
313547,N,0,0,0
313756,F,0,0,0
313914,V,1,0,0
314169,N,0,0,0
314398,N,0,0,0
314587,V,1,0,0
314864,N,0,0,0
315081,N,0,0,0
315259,V,1,0,0
315591,N,0,0,0
315800,V,1,0,0
315959,V,1,0,0
316271,N,0,0,0
316475,F,0,0,0
316652,V,1,0,0
316910,N,0,0,0
317119,N,0,0,0
317314,N,0,0,0
317506,N,0,0,0
317700,N,0,0,0
317904,N,0,0,0
318115,N,0,0,0
318315,N,0,0,0
318516,N,0,0,0
318737,F,0,0,0
318892,V,1,0,0
319202,N,0,0,0
319420,F,0,0,0
319581,V,1,0,0
319822,N,0,0,0
320017,N,0,0,0
320206,N,0,0,0
320373,V,1,0,0
320628,N,0,0,0
320848,N,0,0,0
321061,F,0,0,0
321269,N,0,0,0
321476,N,0,0,0
321685,F,0,0,0
321850,V,1,0,0
322082,N,0,0,0
322279,N,0,0,0
322471,N,0,0,0
322644,V,1,0,0
322864,N,0,0,0
323082,N,0,0,0
323320,F,0,0,0
323484,V,1,0,0
323548,~,2,0,0
323809,N,0,0,0
324007,V,1,0,0
324182,V,1,0,0
324368,~,3,0,0
324464,N,0,0,0
324672,N,0,0,0
324837,V,0,0,0
325086,N,0,0,0
325167,|,3,0,0
325300,N,0,0,0
325513,F,0,0,0
325688,V,0,0,0
325815,|,3,0,0
325996,N,0,0,0
326108,~,0,0,0
326211,F,1,0,0
326294,+,0,0,0
326378,V,1,0,0
326639,N,0,0,0
326846,N,0,0,0
327007,V,1,0,0
327279,N,0,0,0
327502,N,0,0,0
327706,V,1,0,0
327833,+,0,0,0
327961,N,0,0,0
328174,N,0,0,0
328388,F,0,0,0
328554,V,1,0,0
328842,N,0,0,0
329050,F,1,0,0
329197,V,1,0,0
329484,N,0,0,0
329708,F,0,0,0
329791,+,0,0,0
329875,V,1,0,0
330173,N,0,0,0
330391,N,0,0,0
330575,V,1,0,0
330808,N,0,0,0
331027,N,0,0,0
331232,V,1,0,0
331367,+,0,0,0
331503,N,0,0,0
331745,N,0,0,0
331960,V,1,0,0
332190,V,1,0,0
332497,N,0,0,0
332702,V,1,0,0
332893,V,1,0,0
333218,N,0,0,0
333413,V,1,0,0
333583,V,1,0,0
333893,N,0,0,0
334120,F,1,0,0
334301,V,1,0,0
334587,N,0,0,0
334806,F,0,0,0
334968,V,1,0,0
335176,V,1,0,0
335526,N,0,0,0
335710,V,1,0,0
335970,N,0,0,0
336198,N,0,0,0
336416,V,1,0,0
336617,V,1,0,0
336941,N,0,0,0
337141,V,1,0,0
337401,N,0,0,0
337625,N,0,0,0
337820,V,1,0,0
338022,V,1,0,0
338359,N,0,0,0
338566,V,1,0,0
338755,V,1,0,0
339089,N,0,0,0
339293,V,1,0,0
339555,N,0,0,0
339772,N,0,0,0
339975,F,0,0,0
340144,V,1,0,0
340451,N,0,0,0
340678,V,1,0,0
340847,V,1,0,0
341209,N,0,0,0
341406,V,1,0,0
341684,N,0,0,0
341907,N,0,0,0
342125,F,0,0,0
342293,V,1,0,0
342568,N,0,0,0
342792,N,0,0,0
342974,V,1,0,0
343226,N,0,0,0
343438,N,0,0,0
343644,F,1,0,0
343812,V,1,0,0
344059,N,0,0,0
344262,N,0,0,0
344478,N,0,0,0
344732,N,0,0,0
344973,N,0,0,0
345185,V,1,0,0
345377,V,1,0,0
345716,N,0,0,0
345910,V,1,0,0
346089,V,1,0,0
346427,N,0,0,0
346614,V,1,0,0
346792,V,1,0,0
347089,N,0,0,0
347322,F,1,0,0
347489,V,1,0,0
347799,N,0,0,0
347999,V,1,0,0
348176,V,1,0,0
348510,N,0,0,0
348697,V,1,0,0
348894,V,1,0,0
349236,N,0,0,0
349438,V,1,0,0
349629,V,1,0,0
349970,N,0,0,0
350068,+,0,0,0
350166,V,1,0,0
350431,N,0,0,0
350660,N,0,0,0
350852,V,1,0,0
351133,N,0,0,0
351387,N,0,0,0
351605,V,1,0,0
351895,N,0,0,0
352133,N,0,0,0
352344,V,1,0,0
352486,+,0,0,0
352628,N,0,0,0
352838,V,1,0,0
353000,V,1,0,0
353360,N,0,0,0
353563,V,1,0,0
353779,V,1,0,0
354056,N,0,0,0
354280,N,0,0,0
354490,F,0,0,0
354664,V,1,0,0
354970,N,0,0,0
355163,V,1,0,0
355369,V,1,0,0
355743,N,0,0,0
355942,V,1,0,0
356236,N,0,0,0
356466,N,0,0,0
356692,F,0,0,0
356927,N,0,0,0
357156,N,0,0,0
357339,V,1,0,0
357661,N,0,0,0
357895,V,1,0,0
358065,V,1,0,0
358417,N,0,0,0
358613,V,1,0,0
358798,V,1,0,0
359069,N,0,0,0
359277,F,1,0,0
359441,V,1,0,0
359748,N,0,0,0
359959,V,1,0,0
360158,V,1,0,0
360481,N,0,0,0
360583,+,0,0,0
360686,V,1,0,0
360930,N,0,0,0
361157,N,0,0,0
361353,V,1,0,0
361626,N,0,0,0
361864,N,0,0,0
362074,V,1,0,0
362368,N,0,0,0
362610,N,0,0,0
362806,V,1,0,0
363080,N,0,0,0
363312,N,0,0,0
363511,V,1,0,0
363627,+,0,0,0
363744,N,0,0,0
363947,N,0,0,0
364161,F,1,0,0
364362,V,1,0,0
364621,N,0,0,0
364860,N,0,0,0
365049,V,1,0,0
365360,N,0,0,0
365587,F,1,0,0
365755,V,1,0,0
365930,V,1,0,0
366098,N,0,0,0
366323,N,0,0,0
366558,N,0,0,0
366728,V,1,0,0
366931,V,1,0,0
367081,N,0,0,0
367315,N,0,0,0
367542,F,0,0,0
367715,V,1,0,0
368030,N,0,0,0
368219,V,1,0,0
368415,V,1,0,0
368756,N,0,0,0
368966,V,1,0,0
369211,N,0,0,0
369432,N,0,0,0
369648,F,1,0,0
369819,V,1,0,0
370145,N,0,0,0
370334,V,1,0,0
370528,V,1,0,0
370834,N,0,0,0
371051,V,1,0,0
371285,V,1,0,0
371533,N,0,0,0
371751,N,0,0,0
371851,+,0,0,0
371952,V,1,0,0
372225,N,0,0,0
372444,N,0,0,0
372653,V,1,0,0
372945,N,0,0,0
373192,N,0,0,0
373396,V,1,0,0
373686,N,0,0,0
373937,N,0,0,0
374133,V,1,0,0
374407,N,0,0,0
374621,N,0,0,0
374824,V,1,0,0
375094,N,0,0,0
375336,N,0,0,0
375551,V,1,0,0
375811,N,0,0,0
376048,N,0,0,0
376244,V,1,0,0
376547,N,0,0,0
376767,F,0,0,0
376943,V,1,0,0
377108,V,1,0,0
377196,+,0,0,0
377285,N,0,0,0
377517,N,0,0,0
377744,F,1,0,0
377909,V,1,0,0
378140,V,1,0,0
378300,N,0,0,0
378512,N,0,0,0
378728,F,0,0,0
378894,V,1,0,0
379195,N,0,0,0
379416,V,1,0,0
379604,V,1,0,0
379908,N,0,0,0
380117,F,0,0,0
380302,V,1,0,0
380523,N,0,0,0
380726,N,0,0,0
380933,F,1,0,0
381118,V,1,0,0
381391,N,0,0,0
381631,F,0,0,0
381820,V,1,0,0
382174,N,0,0,0
382370,V,1,0,0
382627,N,0,0,0
382849,N,0,0,0
383065,V,1,0,0
383262,V,1,0,0
383543,N,0,0,0
383785,N,0,0,0
383993,V,1,0,0
384284,N,0,0,0
384537,N,0,0,0
384739,V,1,0,0
385044,N,0,0,0
385263,S,0,0,0
385434,V,1,0,0
385619,V,1,0,0
385779,N,0,0,0
385989,S,0,0,0
386239,F,0,0,0
386399,V,1,0,0
386791,N,0,0,0
386894,+,0,0,0
386997,V,1,0,0
387260,N,0,0,0
387482,N,0,0,0
387680,V,1,0,0
387937,N,0,0,0
388194,N,0,0,0
388401,V,1,0,0
388723,N,0,0,0
388969,N,0,0,0
389135,V,1,0,0
389308,V,1,0,0
389473,N,0,0,0
389702,N,0,0,0
389920,V,1,0,0
390190,N,0,0,0
390435,N,0,0,0
390647,V,1,0,0
390952,N,0,0,0
391197,N,0,0,0
391401,V,1,0,0
391707,N,0,0,0
391937,N,0,0,0
392111,V,1,0,0
392290,V,1,0,0
392467,N,0,0,0
392732,N,0,0,0
392967,V,1,0,0
393220,N,0,0,0
393454,N,0,0,0
393656,V,1,0,0
393944,N,0,0,0
394175,N,0,0,0
394384,V,1,0,0
394658,N,0,0,0
394907,N,0,0,0
395120,V,1,0,0
395427,N,0,0,0
395660,N,0,0,0
395856,V,1,0,0
396137,N,0,0,0
396361,N,0,0,0
396574,V,1,0,0
396865,N,0,0,0
397110,N,0,0,0
397311,V,1,0,0
397602,N,0,0,0
397843,N,0,0,0
398058,V,1,0,0
398311,N,0,0,0
398538,N,0,0,0
398748,V,1,0,0
399031,N,0,0,0
399269,N,0,0,0
399482,V,1,0,0
399734,N,0,0,0
399965,N,0,0,0
400182,V,1,0,0
400458,N,0,0,0
400686,N,0,0,0
400915,V,1,0,0
401057,+,0,0,0
401199,N,0,0,0
401445,N,0,0,0
401641,V,1,0,0
401820,V,1,0,0
402176,N,0,0,0
402367,V,1,0,0
402609,N,0,0,0
402820,N,0,0,0
403041,V,1,0,0
403323,N,0,0,0
403567,N,0,0,0
403768,V,1,0,0
404072,N,0,0,0
404307,F,0,0,0
404457,V,1,0,0
404644,V,1,0,0
404807,N,0,0,0
405072,N,0,0,0
405270,V,1,0,0
405616,N,0,0,0
405729,+,0,0,0
405842,V,1,0,0
406113,N,0,0,0
406349,N,0,0,0
406548,V,1,0,0
406803,N,0,0,0
407026,N,0,0,0
407230,V,1,0,0
407543,N,0,0,0
407788,N,0,0,0
408010,V,0,0,0
408277,N,0,0,0
408520,N,0,0,0
408717,V,1,0,0
408975,N,0,0,0
409194,N,0,0,0
409403,V,1,0,0
409671,N,0,0,0
409916,N,0,0,0
410134,V,1,0,0
410397,N,0,0,0
410620,N,0,0,0
410820,V,1,0,0
411087,N,0,0,0
411300,N,0,0,0
411505,V,1,0,0
411745,N,0,0,0
411983,N,0,0,0
412215,V,1,0,0
412468,N,0,0,0
412704,N,0,0,0
412904,V,1,0,0
413169,N,0,0,0
413388,N,0,0,0
413585,V,1,0,0
413860,N,0,0,0
414097,N,0,0,0
414306,V,1,0,0
414559,N,0,0,0
414791,N,0,0,0
414989,V,1,0,0
415269,N,0,0,0
415502,N,0,0,0
415689,V,1,0,0
415969,N,0,0,0
416208,N,0,0,0
416426,V,1,0,0
416678,N,0,0,0
416909,N,0,0,0
417108,V,1,0,0
417376,N,0,0,0
417599,N,0,0,0
417793,V,1,0,0
418084,N,0,0,0
418319,N,0,0,0
418530,V,1,0,0
418799,N,0,0,0
419029,N,0,0,0
419234,V,1,0,0
419500,N,0,0,0
419716,N,0,0,0
419920,V,1,0,0
420179,N,0,0,0
420424,N,0,0,0
420636,V,1,0,0
420724,~,2,0,0
420899,N,0,0,0
421130,N,0,0,0
421328,V,1,0,0
421617,N,0,0,0
421849,N,0,0,0
422044,V,1,0,0
422163,+,0,0,0
422282,N,0,0,0
422507,N,0,0,0
422728,F,0,0,0
422945,N,0,0,0
423162,N,0,0,0
423371,N,0,0,0
423568,N,0,0,0
423764,N,0,0,0
423951,N,0,0,0
424136,N,0,0,0
424321,N,0,0,0
424510,N,0,0,0
424699,N,0,0,0
424884,N,0,0,0
425070,N,0,0,0
425251,N,0,0,0
425428,N,0,0,0
425598,N,0,0,0
425775,N,0,0,0
425946,N,0,0,0
426112,N,0,0,0
426276,N,0,0,0
426435,N,0,0,0
426596,N,0,0,0
426768,N,0,0,0
426949,N,0,0,0
427130,N,0,0,0
427302,N,0,0,0
427473,N,0,0,0
427632,N,0,0,0
427805,N,0,0,0
427976,N,0,0,0
428143,N,0,0,0
428315,N,0,0,0
428492,F,0,0,0
428671,F,0,0,0
428867,N,0,0,0
429066,F,0,0,0
429268,F,0,0,0
429482,N,0,0,0
429680,F,0,0,0
429875,N,0,0,0
429976,|,3,0,0
430064,N,0,0,0
430242,N,0,0,0
430427,N,0,0,0
430616,N,0,0,0
430795,N,0,0,0
430993,N,0,0,0
431195,N,0,0,0
431401,F,0,0,0
431608,N,0,0,0
431807,N,0,0,0
431995,F,0,0,0
432192,N,0,0,0
432386,N,0,0,0
432570,N,0,0,0
432755,N,0,0,0
432868,~,3,0,0
432932,N,0,0,0
433125,F,0,0,0
433332,N,0,0,0
433528,N,0,0,0
433662,~,2,0,0
433726,N,0,0,0
433922,N,0,0,0
434106,N,0,0,0
434292,N,0,0,0
434477,N,0,0,0
434665,N,0,0,0
434859,N,0,0,0
435041,N,0,0,0
435223,N,0,0,0
435420,N,0,0,0
435623,N,0,0,0
435824,N,0,0,0
436023,F,0,0,0
436222,N,0,0,0
436425,N,0,0,0
436629,N,0,0,0
436831,N,0,0,0
437042,N,0,0,0
437223,F,0,0,0
437431,N,0,0,0
437644,N,0,0,0
437857,F,0,0,0
437925,~,3,0,0
438077,N,0,0,0
438292,N,0,0,0
438464,F,0,0,0
438697,N,0,0,0
438893,N,0,0,0
438962,~,2,0,0
439094,N,0,0,0
439296,N,0,0,0
439482,N,0,0,0
439685,N,0,0,0
439867,V,1,0,0
440122,N,0,0,0
440334,N,0,0,0
440508,V,1,0,0
440728,N,0,0,0
440918,N,0,0,0
441108,F,1,0,0
441299,N,0,0,0
441485,N,0,0,0
441675,N,0,0,0
441884,F,0,0,0
442101,N,0,0,0
442325,N,0,0,0
442524,V,0,0,0
442671,|,3,0,0
442762,N,0,0,0
442973,N,0,0,0
443170,F,1,0,0
443379,N,0,0,0
443578,N,0,0,0
443774,F,0,0,0
443990,N,0,0,0
444199,N,0,0,0
444410,F,1,0,0
444623,N,0,0,0
444820,N,0,0,0
445022,N,0,0,0
445197,V,1,0,0
445417,N,0,0,0
445619,N,0,0,0
445803,F,0,0,0
445995,N,0,0,0
446186,N,0,0,0
446387,N,0,0,0
446589,N,0,0,0
446783,N,0,0,0
446983,N,0,0,0
447185,N,0,0,0
447383,F,0,0,0
447576,N,0,0,0
447766,N,0,0,0
447962,N,0,0,0
448167,N,0,0,0
448356,V,1,0,0
448657,N,0,0,0
448850,V,1,0,0
449084,N,0,0,0
449297,N,0,0,0
449497,F,0,0,0
449737,N,0,0,0
449961,N,0,0,0
450161,F,0,0,0
450385,N,0,0,0
450610,N,0,0,0
450719,+,0,0,0
450829,V,1,0,0
451086,N,0,0,0
451305,N,0,0,0
451503,V,1,0,0
451761,N,0,0,0
451987,N,0,0,0
452176,V,1,0,0
452429,N,0,0,0
452649,N,0,0,0
452854,V,1,0,0
453100,N,0,0,0
453326,N,0,0,0
453453,~,3,0,0
453533,V,1,0,0
453644,+,0,0,0
453756,N,0,0,0
453806,|,3,0,0
453967,N,0,0,0
454126,|,3,0,0
454171,Q,0,0,0
454388,N,0,0,0
454583,N,0,0,0
454782,F,0,0,0
454998,N,0,0,0
455214,N,0,0,0
455432,F,1,0,0
455639,V,0,0,0
455869,N,0,0,0
456088,N,0,0,0
456255,V,0,0,0
456439,V,1,0,0
456701,N,0,0,0
456897,V,0,0,0
457096,N,0,0,0
457300,N,0,0,0
457495,N,0,0,0
457582,~,-1,0,0
458569,~,3,0,0
458621,Q,0,0,0
458798,N,0,0,0
458987,N,0,0,0
459178,F,0,0,0
459385,N,0,0,0
459600,N,0,0,0
459797,V,0,0,0
460070,N,0,0,0
460289,N,0,0,0
460496,V,0,0,0
460724,N,0,0,0
460774,~,2,0,0
460922,N,0,0,0
461110,F,1,0,0
461329,N,0,0,0
461552,N,0,0,0
461772,F,0,0,0
462001,N,0,0,0
462216,N,0,0,0
462412,V,1,0,0
462640,N,0,0,0
462842,N,0,0,0
463042,N,0,0,0
463249,N,0,0,0
463471,N,0,0,0
463684,V,1,0,0
463968,N,0,0,0
464215,N,0,0,0
464408,V,1,0,0
464681,N,0,0,0
464885,N,0,0,0
465086,F,0,0,0
465284,N,0,0,0
465486,N,0,0,0
465696,N,0,0,0
465908,N,0,0,0
466107,N,0,0,0
466304,N,0,0,0
466491,N,0,0,0
466688,N,0,0,0
466891,N,0,0,0
467091,N,0,0,0
467284,N,0,0,0
467471,N,0,0,0
467680,N,0,0,0
467909,N,0,0,0
468130,F,0,0,0
468352,N,0,0,0
468575,N,0,0,0
468793,F,0,0,0
469012,N,0,0,0
469225,N,0,0,0
469432,F,0,0,0
469625,N,0,0,0
469825,N,0,0,0
470024,N,0,0,0
470229,F,0,0,0
470439,N,0,0,0
470641,N,0,0,0
470843,N,0,0,0
471039,N,0,0,0
471237,N,0,0,0
471440,N,0,0,0
471633,V,1,0,0
471883,N,0,0,0
472127,N,0,0,0
472323,V,1,0,0
472511,V,1,0,0
472850,N,0,0,0
473062,N,0,0,0
473261,N,0,0,0
473462,N,0,0,0
473664,N,0,0,0
473861,V,1,0,0
474142,N,0,0,0
474349,V,1,0,0
474652,N,0,0,0
474895,F,0,0,0
475054,V,1,0,0
475341,N,0,0,0
475534,V,1,0,0
475758,N,0,0,0
475956,N,0,0,0
476147,V,1,0,0
476410,N,0,0,0
476626,N,0,0,0
476845,N,0,0,0
477061,N,0,0,0
477287,N,0,0,0
477474,V,1,0,0
477632,V,1,0,0
477929,N,0,0,0
478116,V,1,0,0
478314,N,0,0,0
478509,N,0,0,0
478705,N,0,0,0
478905,N,0,0,0
479100,N,0,0,0
479290,N,0,0,0
479481,F,1,0,0
479694,N,0,0,0
479929,N,0,0,0
480125,V,1,0,0
480402,N,0,0,0
480593,V,1,0,0
480826,N,0,0,0
481035,N,0,0,0
481246,F,0,0,0
481475,N,0,0,0
481704,N,0,0,0
481897,V,1,0,0
482183,N,0,0,0
482377,V,1,0,0
482602,N,0,0,0
482813,N,0,0,0
483024,F,0,0,0
483252,N,0,0,0
483482,N,0,0,0
483676,V,1,0,0
483946,N,0,0,0
484160,N,0,0,0
484334,V,1,0,0
484529,V,1,0,0
484797,N,0,0,0
484889,+,0,0,0
484982,V,1,0,0
485229,N,0,0,0
485460,N,0,0,0
485656,V,1,0,0
485912,N,0,0,0
486112,N,0,0,0
486305,V,1,0,0
486534,N,0,0,0
486745,N,0,0,0
486924,V,1,0,0
487066,+,0,0,0
487209,N,0,0,0
487422,V,1,0,0
487660,N,0,0,0
487873,N,0,0,0
488075,F,0,0,0
488271,N,0,0,0
488462,N,0,0,0
488643,N,0,0,0
488824,N,0,0,0
489000,N,0,0,0
489170,N,0,0,0
489356,N,0,0,0
489545,N,0,0,0
489744,N,0,0,0
489941,N,0,0,0
490148,N,0,0,0
490341,F,0,0,0
490558,N,0,0,0
490756,N,0,0,0
490950,N,0,0,0
491141,F,0,0,0
491319,N,0,0,0
491517,N,0,0,0
491725,F,0,0,0
491936,N,0,0,0
492146,N,0,0,0
492357,N,0,0,0
492533,V,1,0,0
492795,N,0,0,0
493004,N,0,0,0
493197,V,1,0,0
493436,N,0,0,0
493648,N,0,0,0
493846,V,1,0,0
494136,N,0,0,0
494356,V,1,0,0
494612,N,0,0,0
494828,N,0,0,0
495029,V,1,0,0
495252,N,0,0,0
495458,N,0,0,0
495644,F,1,0,0
495861,N,0,0,0
496104,N,0,0,0
496309,V,1,0,0
496629,N,0,0,0
496832,V,1,0,0
497104,N,0,0,0
497328,N,0,0,0
497525,V,1,0,0
497709,V,1,0,0
497885,~,3,0,0
498007,N,0,0,0
498195,V,0,0,0
498442,N,0,0,0
498665,N,0,0,0
498864,V,0,0,0
499084,N,0,0,0
499292,N,0,0,0
499495,F,0,0,0
499710,N,0,0,0
499913,N,0,0,0
500016,+,0,0,0
500052,~,0,0,0
500120,V,1,0,0
500399,N,0,0,0
500629,N,0,0,0
500833,V,1,0,0
501069,N,0,0,0
501291,N,0,0,0
501491,V,1,0,0
501722,N,0,0,0
501924,N,0,0,0
502113,V,1,0,0
502239,+,0,0,0
502365,N,0,0,0
502595,N,0,0,0
502814,F,0,0,0
503044,N,0,0,0
503264,N,0,0,0
503464,V,1,0,0
503762,N,0,0,0
503987,F,0,0,0
504085,+,0,0,0
504184,V,1,0,0
504426,N,0,0,0
504652,N,0,0,0
504855,V,1,0,0
505116,N,0,0,0
505340,N,0,0,0
505545,V,1,0,0
505688,+,0,0,0
505831,N,0,0,0
506057,N,0,0,0
506239,V,1,0,0
506416,V,1,0,0
506720,N,0,0,0
506943,V,1,0,0
507161,N,0,0,0
507368,N,0,0,0
507577,N,0,0,0
507746,V,1,0,0
507988,N,0,0,0
508188,N,0,0,0
508381,F,1,0,0
508584,N,0,0,0
508787,N,0,0,0
508993,N,0,0,0
509187,V,1,0,0
509419,N,0,0,0
509627,N,0,0,0
509821,F,1,0,0
510024,N,0,0,0
510227,N,0,0,0
510427,N,0,0,0
510603,V,1,0,0
510849,N,0,0,0
511070,N,0,0,0
511277,V,1,0,0
511557,N,0,0,0
511791,N,0,0,0
512016,F,0,0,0
512198,V,1,0,0
512458,N,0,0,0
512658,F,0,0,0
512867,N,0,0,0
513082,N,0,0,0
513294,V,1,0,0
513550,N,0,0,0
513773,N,0,0,0
513986,V,1,0,0
514193,N,0,0,0
514407,N,0,0,0
514623,F,0,0,0
514825,N,0,0,0
515019,N,0,0,0
515226,F,1,0,0
515413,V,1,0,0
515714,N,0,0,0
515817,+,0,0,0
515920,V,1,0,0
516204,N,0,0,0
516427,N,0,0,0
516627,V,1,0,0
516859,N,0,0,0
517071,N,0,0,0
517282,V,1,0,0
517389,+,0,0,0
517497,N,0,0,0
517705,N,0,0,0
517918,F,0,0,0
518129,N,0,0,0
518343,N,0,0,0
518558,V,1,0,0
518750,V,1,0,0
519037,N,0,0,0
519231,V,1,0,0
519441,N,0,0,0
519654,N,0,0,0
519875,F,1,0,0
520094,N,0,0,0
520319,N,0,0,0
520426,+,0,0,0
520534,V,1,0,0
520745,N,0,0,0
520963,N,0,0,0
521161,V,1,0,0
521413,N,0,0,0
521622,N,0,0,0
521826,V,1,0,0
522077,N,0,0,0
522313,N,0,0,0
522516,V,1,0,0
522789,N,0,0,0
523005,N,0,0,0
523207,V,1,0,0
523376,V,1,0,0
523496,+,0,0,0
523616,N,0,0,0
523808,F,1,0,0
524027,N,0,0,0
524260,N,0,0,0
524476,V,1,0,0
524724,N,0,0,0
524930,N,0,0,0
525138,F,1,0,0
525350,N,0,0,0
525553,N,0,0,0
525740,F,0,0,0
525933,N,0,0,0
526143,N,0,0,0
526349,N,0,0,0
526545,V,1,0,0
526770,N,0,0,0
526987,N,0,0,0
527180,V,1,0,0
527462,N,0,0,0
527681,F,0,0,0
527839,V,1,0,0
528122,N,0,0,0
528326,V,1,0,0
528560,N,0,0,0
528769,N,0,0,0
528972,N,0,0,0
529160,V,1,0,0
529387,N,0,0,0
529602,N,0,0,0
529782,V,1,0,0
530039,N,0,0,0
530238,F,1,0,0
530426,V,1,0,0
530690,N,0,0,0
530911,N,0,0,0
531077,V,1,0,0
531319,N,0,0,0
531525,N,0,0,0
531718,F,1,0,0
531928,N,0,0,0
532159,N,0,0,0
532348,V,1,0,0
532604,N,0,0,0
532843,N,0,0,0
533052,V,1,0,0
533345,N,0,0,0
533572,N,0,0,0
533765,V,1,0,0
533963,V,1,0,0
534222,N,0,0,0
534417,V,1,0,0
534619,N,0,0,0
534824,N,0,0,0
535021,N,0,0,0
535212,F,1,0,0
535404,N,0,0,0
535600,N,0,0,0
535813,F,0,0,0
536042,N,0,0,0
536281,N,0,0,0
536471,V,1,0,0
536757,N,0,0,0
536961,V,1,0,0
537240,N,0,0,0
537478,N,0,0,0
537689,F,1,0,0
537896,N,0,0,0
538093,N,0,0,0
538209,~,3,0,0
538290,F,1,0,0
538498,N,0,0,0
538708,N,0,0,0
538898,V,0,0,0
539150,N,0,0,0
539368,N,0,0,0
539456,~,0,0,0
539584,V,1,0,0
539800,N,0,0,0
540016,N,0,0,0
540227,F,0,0,0
540442,N,0,0,0
540644,N,0,0,0
540841,F,1,0,0
541042,N,0,0,0
541251,N,0,0,0
541464,F,1,0,0
541635,V,1,0,0
541902,N,0,0,0
542111,F,0,0,0
542196,+,0,0,0
542281,V,1,0,0
542516,N,0,0,0
542720,N,0,0,0
542895,V,1,0,0
543123,N,0,0,0
543324,N,0,0,0
543512,V,1,0,0
543773,N,0,0,0
543992,N,0,0,0
544172,V,1,0,0
544450,N,0,0,0
544664,F,1,0,0
544823,V,1,0,0
544966,+,0,0,0
545110,N,0,0,0
545310,F,0,0,0
545521,N,0,0,0
545730,N,0,0,0
545937,N,0,0,0
546112,V,1,0,0
546382,N,0,0,0
546586,F,0,0,0
546754,V,1,0,0
546997,N,0,0,0
547184,N,0,0,0
547360,V,1,0,0
547561,N,0,0,0
547764,N,0,0,0
547973,F,0,0,0
548162,V,1,0,0
548384,N,0,0,0
548580,N,0,0,0
548785,N,0,0,0
548993,N,0,0,0
549196,N,0,0,0
549395,N,0,0,0
549581,N,0,0,0
549780,N,0,0,0
549996,F,0,0,0
550108,~,3,0,0
550210,N,0,0,0
550422,N,0,0,0
550626,N,0,0,0
550796,V,0,0,0
551010,N,0,0,0
551195,N,0,0,0
551387,F,0,0,0
551591,N,0,0,0
551790,N,0,0,0
552003,F,0,0,0
552166,V,1,0,0
552449,N,0,0,0
552660,N,0,0,0
552848,V,1,0,0
553057,N,0,0,0
553259,N,0,0,0
553459,F,0,0,0
553681,N,0,0,0
553875,N,0,0,0
554090,F,0,0,0
554293,V,1,0,0
554593,N,0,0,0
554795,V,1,0,0
555044,N,0,0,0
555256,N,0,0,0
555462,F,0,0,0
555668,N,0,0,0
555886,N,0,0,0
556082,V,1,0,0
556364,N,0,0,0
556585,N,0,0,0
556801,F,0,0,0
557026,N,0,0,0
557254,N,0,0,0
557460,V,1,0,0
557686,N,0,0,0
557882,N,0,0,0
558074,N,0,0,0
558241,V,1,0,0
558480,N,0,0,0
558705,N,0,0,0
558921,F,0,0,0
559130,N,0,0,0
559278,~,0,0,0
559329,N,0,0,0
559539,N,0,0,0
559755,N,0,0,0
559985,N,0,0,0
560202,N,0,0,0
560296,+,0,0,0
560390,V,1,0,0
560625,N,0,0,0
560867,N,0,0,0
561080,V,1,0,0
561347,N,0,0,0
561556,N,0,0,0
561777,V,1,0,0
562011,N,0,0,0
562244,N,0,0,0
562456,V,1,0,0
562677,N,0,0,0
562909,N,0,0,0
563119,V,1,0,0
563412,N,0,0,0
563644,N,0,0,0
563848,V,1,0,0
564126,N,0,0,0
564344,N,0,0,0
564538,V,1,0,0
564805,N,0,0,0
565055,N,0,0,0
565259,V,1,0,0
565536,N,0,0,0
565777,N,0,0,0
565978,V,1,0,0
566250,N,0,0,0
566482,N,0,0,0
566679,V,1,0,0
566939,N,0,0,0
567164,N,0,0,0
567372,V,1,0,0
567672,N,0,0,0
567898,N,0,0,0
568100,V,1,0,0
568372,N,0,0,0
568604,N,0,0,0
568795,V,1,0,0
569059,N,0,0,0
569307,N,0,0,0
569509,V,1,0,0
569805,N,0,0,0
570054,N,0,0,0
570261,V,1,0,0
570556,N,0,0,0
570782,N,0,0,0
570976,V,1,0,0
571252,N,0,0,0
571482,N,0,0,0
571691,V,1,0,0
571986,N,0,0,0
572228,N,0,0,0
572423,V,1,0,0
572694,N,0,0,0
572939,N,0,0,0
573131,V,1,0,0
573433,N,0,0,0
573651,V,1,0,0
573936,N,0,0,0
574187,N,0,0,0
574391,V,1,0,0
574666,N,0,0,0
574904,N,0,0,0
575096,V,1,0,0
575368,N,0,0,0
575595,N,0,0,0
575797,V,1,0,0
576092,N,0,0,0
576324,N,0,0,0
576532,V,1,0,0
576827,N,0,0,0
577058,N,0,0,0
577255,V,1,0,0
577437,V,1,0,0
577771,N,0,0,0
577970,V,1,0,0
578258,N,0,0,0
578495,N,0,0,0
578696,V,1,0,0
578969,N,0,0,0
579196,N,0,0,0
579391,V,1,0,0
579684,N,0,0,0
579917,N,0,0,0
580108,V,1,0,0
580293,V,1,0,0
580370,+,0,0,0
580448,N,0,0,0
580704,N,0,0,0
580946,N,0,0,0
581110,V,1,0,0
581298,V,1,0,0
581456,N,0,0,0
581700,N,0,0,0
581899,V,1,0,0
582179,N,0,0,0
582439,N,0,0,0
582645,V,1,0,0
582976,N,0,0,0
583192,V,1,0,0
583370,V,1,0,0
583720,N,0,0,0
583909,V,1,0,0
584193,N,0,0,0
584427,N,0,0,0
584645,V,1,0,0
584932,N,0,0,0
585185,N,0,0,0
585379,V,1,0,0
585681,N,0,0,0
585894,V,1,0,0
586089,V,1,0,0
586461,N,0,0,0
586653,V,1,0,0
586970,N,0,0,0
587212,F,0,0,0
587361,V,1,0,0
587718,N,0,0,0
587909,V,1,0,0
588178,N,0,0,0
588394,N,0,0,0
588609,V,1,0,0
588848,N,0,0,0
589102,N,0,0,0
589304,V,1,0,0
589638,N,0,0,0
589844,V,0,0,0
590133,N,0,0,0
590377,N,0,0,0
590547,V,1,0,0
590719,V,1,0,0
590878,N,0,0,0
591127,N,0,0,0
591343,V,1,0,0
591654,N,0,0,0
591893,N,0,0,0
592057,V,1,0,0
592239,V,1,0,0
592410,N,0,0,0
592655,N,0,0,0
592841,V,1,0,0
593152,N,0,0,0
593406,F,0,0,0
593552,V,1,0,0
593924,N,0,0,0
594024,+,0,0,0
594124,V,1,0,0
594400,N,0,0,0
594618,N,0,0,0
594814,V,1,0,0
595048,N,0,0,0
595272,N,0,0,0
595490,V,1,0,0
595780,N,0,0,0
596013,N,0,0,0
596212,V,1,0,0
596494,N,0,0,0
596738,N,0,0,0
596933,V,1,0,0
597201,N,0,0,0
597434,N,0,0,0
597644,V,1,0,0
597937,N,0,0,0
598172,N,0,0,0
598381,V,1,0,0
598640,N,0,0,0
598882,N,0,0,0
599075,V,1,0,0
599210,+,0,0,0
599346,N,0,0,0
599573,N,0,0,0
599796,F,0,0,0
600010,N,0,0,0
600232,N,0,0,0
600454,F,0,0,0
600684,N,0,0,0
600903,N,0,0,0
601121,F,0,0,0
601342,N,0,0,0
601556,N,0,0,0
601764,V,1,0,0
602084,N,0,0,0
602331,F,0,0,0
602483,V,1,0,0
602830,N,0,0,0
603028,V,1,0,0
603329,N,0,0,0
603549,V,1,0,0
603713,V,1,0,0
604045,N,0,0,0
604242,V,1,0,0
604557,N,0,0,0
604795,F,0,0,0
604950,V,1,0,0
605283,N,0,0,0
605469,V,1,0,0
605744,N,0,0,0
605969,N,0,0,0
606180,V,1,0,0
606408,V,1,0,0
606739,N,0,0,0
606926,V,1,0,0
607233,N,0,0,0
607452,V,1,0,0
607642,V,1,0,0
608015,N,0,0,0
608269,N,0,0,0
608527,N,0,0,0
608793,F,0,0,0
608946,V,1,0,0
609123,V,1,0,0
609301,N,0,0,0
609577,N,0,0,0
609772,V,1,0,0
610109,N,0,0,0
610313,V,1,0,0
610631,N,0,0,0
610853,V,1,0,0
611045,V,1,0,0
611430,N,0,0,0
611629,V,1,0,0
611825,V,1,0,0
612157,N,0,0,0
612343,V,1,0,0
612617,N,0,0,0
612859,N,0,0,0
613064,V,1,0,0
613353,N,0,0,0
613584,N,0,0,0
613758,V,1,0,0
613942,V,1,0,0
614107,N,0,0,0
614348,N,0,0,0
614531,V,1,0,0
614840,N,0,0,0
615064,V,1,0,0
615405,N,0,0,0
615620,V,1,0,0
615804,V,1,0,0
616182,N,0,0,0
616368,V,1,0,0
616702,N,0,0,0
616924,V,1,0,0
617197,N,0,0,0
617465,N,0,0,0
617667,V,1,0,0
617968,N,0,0,0
618201,N,0,0,0
618365,V,1,0,0
618540,V,1,0,0
618694,N,0,0,0
618922,N,0,0,0
619137,V,1,0,0
619474,N,0,0,0
619703,V,1,0,0
619864,V,1,0,0
620234,N,0,0,0
620428,V,1,0,0
620734,N,0,0,0
620953,F,0,0,0
621102,V,1,0,0
621463,N,0,0,0
621662,V,1,0,0
621964,N,0,0,0
622200,N,0,0,0
622389,V,1,0,0
622608,V,1,0,0
622900,N,0,0,0
623086,V,1,0,0
623381,N,0,0,0
623619,N,0,0,0
623797,V,1,0,0
623988,V,1,0,0
624356,N,0,0,0
624557,V,1,0,0
624716,V,1,0,0
625053,N,0,0,0
625234,V,1,0,0
625489,N,0,0,0
625736,N,0,0,0
625949,V,1,0,0
626218,N,0,0,0
626455,N,0,0,0
626652,V,1,0,0
626957,N,0,0,0
627165,V,1,0,0
627346,V,1,0,0
627695,N,0,0,0
627894,V,1,0,0
628206,N,0,0,0
628434,V,1,0,0
628611,V,1,0,0
628941,N,0,0,0
629130,V,1,0,0
629396,N,0,0,0
629603,N,0,0,0
629834,F,0,0,0
630057,V,1,0,0
630371,N,0,0,0
630583,V,1,0,0
630762,V,1,0,0
631125,N,0,0,0
631315,V,1,0,0
631629,N,0,0,0
631831,V,1,0,0
632022,V,1,0,0
632377,N,0,0,0
632580,V,1,0,0
632871,N,0,0,0
633093,N,0,0,0
633288,V,1,0,0
633474,V,1,0,0
633796,N,0,0,0
633977,V,1,0,0
634260,N,0,0,0
634496,N,0,0,0
634716,V,1,0,0
634937,V,1,0,0
635254,N,0,0,0
635449,V,1,0,0
635717,N,0,0,0
635942,N,0,0,0
636133,V,1,0,0
636335,V,1,0,0
636702,N,0,0,0
636900,V,1,0,0
637178,N,0,0,0
637417,N,0,0,0
637612,V,1,0,0
637829,V,1,0,0
638133,N,0,0,0
638319,V,1,0,0
638638,N,0,0,0
638860,V,1,0,0
639131,N,0,0,0
639368,N,0,0,0
639573,V,1,0,0
639848,N,0,0,0
640079,N,0,0,0
640277,V,1,0,0
640467,V,1,0,0
640836,N,0,0,0
641037,V,1,0,0
641327,N,0,0,0
641563,F,1,0,0
641732,V,1,0,0
641912,V,1,0,0
642070,N,0,0,0
642280,N,0,0,0
642490,F,0,0,0
642598,+,0,0,0
642707,V,1,0,0
642998,N,0,0,0
643240,N,0,0,0
643453,V,1,0,0
643731,N,0,0,0
643969,N,0,0,0
644169,V,1,0,0
644455,N,0,0,0
644680,N,0,0,0
644876,V,1,0,0
645152,N,0,0,0
645387,N,0,0,0
645611,V,1,0,0
645833,N,0,0,0
646067,N,0,0,0
646267,V,1,0,0
646539,N,0,0,0
646763,N,0,0,0
646967,V,1,0,0
647126,+,0,0,0
647285,N,0,0,0
647513,F,0,0,0
647681,V,1,0,0
648034,N,0,0,0
648223,V,1,0,0
648521,N,0,0,0
648735,F,0,0,0
648894,V,1,0,0
649206,N,0,0,0
649411,V,1,0,0
649704,N,0,0,0
649935,N,0,0,0
